current_position	current_torque	current_velocity	demanded_torque	event_id	event_type	prediction	timestamp
97.84615	0.0	0.0	-0.101	99			6980.3681961
97.84615	0.0	0.0	0.498	99			6980.7326588
97.84615	0.0	0.0	0.189	99			6980.7486642
97.84615	0.0	0.0	0.237	99			6980.7669009
97.84615	0.0	0.0	0.296	99			6980.7895283
97.84615	0.0	0.0	-0.239	99			6980.8088891
97.75824	0.0	0.0	0.388	99			6980.8290202
97.84615	0.0	0.0	0.376	99			6980.8466037
97.84615	0.0	0.0	-0.169	99			6980.8669667
97.84615	0.0	0.0	-0.355	99			6980.8866438
97.84615	0.0	0.0	-0.344	99			6980.9098752
97.84615	0.0	0.0	-0.311	99			6980.9267806
97.84615	0.0	0.0	-0.056	99			6980.9467972
97.84615	0.0	0.0	-0.031	99			6980.9665629
97.84615	0.0	0.0	0.353	99			6980.9869994
97.84615	0.0	0.0	-0.1	99			6981.0092871
97.84615	0.0	0.0	0.164	99			6981.0282236
97.75824	0.0	0.0	-0.404	99			6981.0474583
97.84615	0.0	0.0	-0.116	99			6981.0671455
97.84615	0.0	0.0	0.118	99			6981.0868624
97.84615	0.0	0.0	-0.172	99			6981.1105593
97.84615	0.0	0.0	-0.392	99			6981.1274491
97.75824	0.0	0.0	0.356	99			6981.1466986
97.84615	0.0	0.0	0.238	99			6981.1663587
97.75824	0.0	0.0	-0.463	99			6981.1867346
97.84615	0.0	0.0	0.198	99			6981.2086545
97.84615	0.0	0.0	-0.36	99			6981.2266404
97.75824	0.0	0.0	-0.002	99			6981.2468203
97.84615	0.0	0.0	-0.458	99			6981.2666581
97.84615	0.0	0.0	-0.362	99			6981.2867636
97.84615	0.0	0.0	-0.198	99			6981.3093064
97.75824	0.0	0.0	-0.346	99			6981.326811
97.84615	0.0	0.0	-0.087	99			6981.3467836
97.84615	0.0	0.0	0.5	99			6981.3673107
97.84615	0.0	0.0	0.494	99			6981.3872672
97.84615	0.0	0.0	0.431	99			6981.4102384
97.75824	0.0	0.0	0.388	99			6981.4267
97.84615	0.0	0.0	-0.045	99			6981.4470651
97.84615	0.0	0.0	-0.146	99			6981.4690224
97.84615	0.0	0.0	-0.414	99			6981.4866
97.75824	0.0	0.0	-0.271	99			6981.5079292
97.84615	0.0	0.0	0.297	99			6981.5264848
97.84615	0.0	0.0	-0.196	99			6981.5463644
97.84615	0.0	0.0	0.233	99			6981.5663133
97.84615	0.0	0.0	0.047	99			6981.5862026
97.84615	0.0	0.0	-0.2	99			6981.6109453
97.75824	0.0	0.0	0.405	99			6981.6297192
97.84615	0.0	0.0	0.124	99			6981.6469513
97.84615	0.0	0.0	-0.23	99			6981.6680518
97.84615	0.0	0.0	0.352	99			6981.686424
97.84615	0.0	0.0	-0.309	99			6981.7101396
97.84615	0.0	0.0	-0.126	99			6981.7335076
97.84615	0.0	0.0	-0.497	99			6981.7521764
97.84615	0.0	0.0	0.207	99			6981.7702401
97.75824	0.0	0.0	-0.115	99			6981.7894121
97.75824	0.0	0.0	0.095	99			6981.8104079
97.84615	0.0	0.0	0.001	99			6981.828709
97.84615	0.0	0.0	0.14	99			6981.8465434
97.84615	0.0	0.0	0.288	99			6981.8663506
97.75824	0.0	0.0	-0.081	99			6981.8861907
97.84615	0.0	0.0	0.329	99			6981.9082538
97.84615	0.0	0.0	0.04	99			6981.9269063
97.84615	0.0	0.0	0.48	99			6981.9468293
97.75824	0.0	0.0	0.17	99			6981.966232
97.84615	0.0	0.0	0.255	99			6981.986348
97.75824	0.0	0.0	0.397	99			6982.0070698
97.84615	0.0	0.0	-0.395	99			6982.0288517
97.84615	0.0	0.0	0.138	99			6982.0466377
97.84615	0.0	0.0	-0.244	99			6982.0664259
97.84615	0.0	0.0	-0.039	99			6982.0864106
97.84615	0.0	0.0	0.128	99			6982.1081785
97.75824	0.0	0.0	-0.281	99			6982.1284889
97.84615	0.0	0.0	0.026	99			6982.1481715
97.84615	0.0	0.0	0.449	99			6982.1662837
97.84615	0.0	0.0	0.095	99			6982.1883252
97.84615	0.0	0.0	0.385	99			6982.2062974
97.84615	0.0	0.0	-0.476	99			6982.2272974
97.84615	0.0	0.0	-0.265	99			6982.2462857
97.84615	0.0	0.0	0.013	99			6982.2665356
97.84615	0.0	0.0	-0.223	99			6982.2877885
97.84615	0.0	0.0	-0.427	99			6982.3102598
97.84615	0.0	0.0	0.193	99			6982.3292555
97.75824	0.0	0.0	0.265	99			6982.3466007
97.84615	0.0	0.0	0.104	99			6982.3682932
97.84615	0.0	0.0	-0.212	99			6982.3871213
97.84615	0.0	0.0	0.182	99			6982.4064915
97.84615	0.0	0.0	-0.259	99			6982.4268778
97.84615	0.0	0.0	-0.212	99			6982.4477995
97.75824	0.0	0.0	0.466	99			6982.4664789
97.84615	0.0	0.0	-0.382	99			6982.4861713
97.75824	0.0	0.0	-0.174	99			6982.5064301
97.84615	0.0	0.0	-0.3	99			6983.2972652
97.84615	0.0	0.0	-0.23	99			6983.3074248
97.84615	0.0	0.0	0.29	99			6983.3303024
97.84615	0.0	0.0	-0.157	99			6983.3474864
97.84615	0.0	0.0	-0.125	99			6983.3661795
97.84615	0.0	0.0	-0.378	99			6983.3862334
97.84615	0.0	0.0	-0.408	99			6983.4062982
97.84615	0.0	0.0	0.309	99			6983.4279285
97.84615	0.0	0.0	-0.085	99			6983.4482033
97.84615	0.0	0.0	0.288	99			6983.4677482
97.75824	0.0	0.0	-0.444	99			6983.4864557
97.84615	0.0	0.0	0.244	99			6983.5063461
97.75824	0.0	0.0	-0.427	99			6983.5280457
97.84615	0.0	0.0	0.306	99			6983.5463274
97.84615	0.0	0.0	0.221	99			6983.5662011
97.84615	0.0	0.0	0.275	99			6983.586724
97.84615	0.0	0.0	0.4	99			6983.6062036
97.84615	0.0	0.0	0.277	99			6983.6277169
97.84615	0.0	0.0	-0.094	99			6983.6466295
97.75824	0.0	0.0	-0.272	99			6983.6670091
97.84615	0.0	0.0	0.132	99			6983.6863123
97.84615	0.0	0.0	-0.431	99			6983.7067755
97.84615	0.0	0.0	-0.412	99			6983.7278539
97.84615	0.0	0.0	0.108	99			6983.7462954
97.84615	0.0	0.0	0.316	99			6983.7662032
97.84615	0.0	0.0	-0.232	99			6983.7861543
97.84615	0.0	0.0	0.074	99			6983.809158
97.84615	0.0	0.0	0.362	99			6983.8307704
97.84615	0.0	0.0	0.383	99			6983.8478708
97.84615	0.0	0.0	0.402	99			6983.8663037
97.84615	0.0	0.0	0.011	99			6983.8861486
97.84615	0.0	0.0	-0.303	99			6983.9062191
97.84615	0.0	0.0	0.183	99			6983.9278698
97.84615	0.0	0.0	-0.17	99			6983.9470929
97.84615	0.0	0.0	-0.435	99			6983.96844
97.84615	0.0	0.0	0.292	99			6983.9862582
97.84615	0.0	0.0	-0.035	99			6984.0061927
97.84615	0.0	0.0	-0.163	99			6984.0280809
97.84615	0.0	0.0	0.305	99			6984.0463185
97.75824	0.0	0.0	0.449	99			6984.069798
97.84615	0.0	0.0	-0.186	99			6984.0862397
97.84615	0.0	0.0	0.204	99			6984.1061132
97.84615	0.0	0.0	0.008	99			6984.1279654
97.84615	0.0	0.0	0.196	99			6984.1463872
97.84615	0.0	0.0	-0.41	99			6984.1663359
97.84615	0.0	0.0	-0.26	99			6984.1862079
97.84615	0.0	0.0	0.252	99			6984.2063729
97.84615	0.0	0.0	-0.066	99			6984.228329
97.84615	0.0	0.0	0.007	99			6984.2462299
97.84615	0.0	0.0	-0.478	99			6984.2666489
97.84615	0.0	0.0	-0.12	99			6984.2861925
97.84615	0.0	0.0	0.406	99			6984.3074283
97.75824	0.0	0.0	-0.166	99			6984.3293885
97.84615	0.0	0.0	0.287	99			6984.3480131
97.84615	0.0	0.0	-0.017	99			6984.3659876
97.75824	0.0	0.0	0.119	99			6984.386115
97.84615	0.0	0.0	-0.153	99			6984.4065282
97.84615	0.0	0.0	-0.48	99			6984.4283528
97.84615	0.0	0.0	-0.017	99			6984.4464914
97.84615	0.0	0.0	0.093	99			6984.4663318
97.84615	0.0	0.0	0.407	99			6984.4862405
97.75824	0.0	0.0	0.23	99			6984.5063706
97.75824	0.0	0.0	-0.122	99			6984.5280219
97.84615	0.0	0.0	-0.317	99			6984.5483359
97.84615	0.0	0.0	-0.408	99			6984.5663269
97.84615	0.0	0.0	-0.165	99			6984.5861766
97.84615	0.0	0.0	0.181	99			6984.6061509
97.84615	0.0	0.0	0.084	99			6984.6280769
97.84615	0.0	0.0	0.056	99			6984.6464757
97.84615	0.0	0.0	0.398	99			6984.6666739
97.84615	0.0	0.0	0.365	99			6984.6860879
97.84615	0.0	0.0	-0.123	99			6984.7063763
97.84615	0.0	0.0	0.447	99			6984.7282024
97.84615	0.0	0.0	0.384	99			6984.7461645
97.75824	0.0	0.0	-0.295	99			6984.766277
97.84615	0.0	0.0	-0.051	99			6984.7862082
97.84615	0.0	0.0	-0.009	99			6984.8069805
97.75824	0.0	0.0	0.065	99			6984.8295586
97.84615	0.0	0.0	-0.242	99			6984.848635
97.75824	0.0	0.0	0.359	99			6984.8688446
97.75824	0.0	0.0	0.047	99			6984.8899619
97.84615	0.0	0.0	0.125	99			6984.9064034
97.84615	0.0	0.0	-0.209	99			6984.9280539
97.84615	0.0	0.0	-0.397	99			6984.9486641
97.84615	0.0	0.0	-0.283	99			6984.9660321
97.84615	0.0	0.0	0.166	99			6984.9918846
97.84615	0.0	0.0	0.166	99			6985.0083474
97.84615	0.0	0.0	0.445	99			6985.0280316
98.02198	0.0	0.02398	0.226	99			6985.0463158
98.37363	0.0	0.09592	-0.243	99			6985.0663013
98.63736	0.0	0.19185	-0.444	99			6985.0861851
99.16483	0.0	0.28777	-0.133	99			6985.1069987
99.69231	0.0	0.35971	0.42	99			6985.1285488
100.21978	0.0	0.40767	0.136	99			6985.1462389
100.74725	0.0	0.43165	0.392	99			6985.1662421
101.36264	0.0	0.45564	0.403	99			6985.1875094
102.06593	0.0	0.5036	0.494	99			6985.2062396
102.85714	0.0	0.55156	0.438	99			6985.2282273
103.73627	0.0	0.6235	0.253	99			6985.2462956
104.7033	0.0	0.71942	-0.377	99			6985.2664082
105.93407	0.0	0.81535	-0.43	99			6985.289425
107.16483	0.0	0.91127	-0.303	99			6985.3120832
108.39561	0.0	0.98321	0.112	99			6985.3299559
109.62637	0.0	1.03118	0.045	99			6985.34741
110.59341	0.0	1.03118	-0.295	99			6985.3674836
111.64835	0.0	1.00719	-0.381	99			6985.3863293
112.7033	0.0	0.95923	0.364	99			6985.406103
113.67033	0.0	0.91127	-0.378	99			6985.4281294
114.63736	0.0	0.86331	-0.315	99			6985.4462432
115.42857	0.0	0.81535	0.209	99			6985.4662877
116.13187	0.0	0.76739	-0.056	99			6985.4860974
116.74725	0.0	0.67146	0.049	99			6985.5061369
117.0989	0.0	0.52758	-0.45	99			6985.5274496
117.27473	0.0	0.38369	-0.138	99			6985.5466992
117.27473	0.0	0.23981	0.338	99			6985.5663532
117.27473	0.0	0.1199	0.067	99			6985.5861256
117.18681	0.0	0.04796	0.456	99			6985.6061047
117.18681	0.0	0.0	-0.155	99			6985.6266777
117.27473	0.0	0.0	0.448	99			6985.6461609
117.27473	0.0	0.0	-0.063	99			6985.6690792
117.27473	0.0	0.0	0.219	99			6985.6880943
117.18681	0.0	0.0	-0.462	99			6985.7066631
117.27473	0.0	0.0	0.096	99			6985.7286367
117.27473	0.0	0.0	-0.353	99			6985.7461902
117.27473	0.0	0.0	-0.359	99			6985.7673966
117.18681	0.0	0.0	0.005	99			6985.786308
117.27473	0.0	0.0	0.357	99			6985.8094748
117.27473	0.0	0.0	-0.217	99			6985.8269589
117.27473	0.0	0.0	-0.239	99			6985.8490771
117.27473	0.0	0.0	-0.256	99			6985.8660865
117.27473	0.0	0.0	-0.415	99			6985.886042
117.27473	0.0	0.0	0.33	99			6985.9067491
117.18681	0.0	0.0	0.01	99			6985.9265099
117.27473	0.0	0.0	-0.411	99			6985.9471755
117.27473	0.0	0.0	-0.465	99			6985.966453
117.27473	0.0	0.0	-0.298	99			6985.9873322
117.27473	0.0	0.0	0.107	99			6986.0063376
117.27473	0.0	0.0	0.091	99			6986.0288502
117.27473	0.0	0.0	0.004	99			6986.0463114
117.18681	0.0	0.0	-0.475	99			6986.0672748
117.27473	0.0	0.0	0.206	99			6986.0884592
117.27473	0.0	0.0	-0.174	99			6986.1066909
117.27473	0.0	0.0	0.016	99			6986.1293662
117.27473	0.0	0.0	-0.42	99			6986.1535817
117.27473	0.0	0.0	-0.311	99			6986.1704256
117.27473	0.0	0.0	-0.301	99			6986.1874648
117.27473	0.0	0.0	-0.148	99			6986.2130531
117.27473	0.0	0.0	0.294	99			6986.2289832
117.27473	0.0	0.0	0.21	99			6986.2479279
117.27473	0.0	0.0	0.103	99			6986.2670987
117.27473	0.0	0.0	-0.353	99			6986.287582
117.27473	0.0	0.0	0.022	99			6986.3073412
117.27473	0.0	0.0	0.34	99			6986.3263597
117.27473	0.0	0.0	-0.005	99			6986.3496362
117.27473	0.0	0.0	-0.072	99			6986.3662664
117.27473	0.0	0.0	0.257	99			6986.3864985
117.27473	0.0	0.0	-0.156	99			6986.4075702
117.27473	0.0	0.0	-0.173	99			6986.4261662
117.27473	0.0	0.0	-0.178	99			6986.4463955
117.27473	0.0	0.0	0.074	99			6986.4668291
117.18681	0.0	0.0	-0.189	99			6986.4864476
117.27473	0.0	0.0	-0.37	99			6986.5069503
117.27473	0.0	0.0	0.077	99			6986.5301697
117.27473	0.0	0.0	-0.101	99			6986.5464885
117.27473	0.0	0.0	0.478	99			6986.5668437
117.18681	0.0	0.0	-0.227	99			6986.5862062
117.27473	0.0	0.0	0.051	99			6986.6070395
117.27473	0.0	0.0	0.167	99			6986.6295825
117.27473	0.0	0.0	0.056	99			6986.6463929
117.27473	0.0	0.0	0.361	99			6986.6662
117.18681	0.0	0.0	0.255	99			6986.6882521
117.27473	0.0	0.0	-0.468	99			6986.7062168
117.27473	0.0	0.0	0.328	99			6986.7314528
117.27473	0.0	0.0	-0.474	99			6986.7485721
117.27473	0.0	0.0	-0.289	99			6986.7660461
117.27473	0.0	0.0	0.18	99			6986.7859881
117.27473	0.0	0.0	0.257	99			6986.8090956
117.27473	0.0	0.0	-0.039	99			6986.8277601
117.27473	0.0	0.0	0.362	99			6986.8498366
117.27473	0.0	0.0	-0.384	99			6986.8658936
117.27473	0.0	0.0	0.125	99			6986.8858534
117.27473	0.0	0.0	0.072	99			6986.9064807
117.27473	0.0	0.0	-0.433	99			6986.9258563
117.27473	0.0	0.0	0.358	99			6986.9468647
117.27473	0.0	0.0	-0.128	99			6986.9661469
117.27473	0.0	0.0	-0.411	99			6986.986068
117.27473	0.0	0.0	-0.224	99			6987.0058529
117.27473	0.0	0.0	0.231	99			6987.0259166
117.27473	0.0	0.0	-0.018	99			6987.0472266
117.27473	0.0	0.0	-0.359	99			6987.0663131
117.27473	0.0	0.0	0.154	99			6987.0858967
117.27473	0.0	0.0	0.15	99			6987.1059964
117.27473	0.0	0.0	-0.345	99			6987.1259876
117.27473	0.0	0.0	-0.321	99			6987.1474802
117.27473	0.0	0.0	0.434	99			6987.1660022
117.27473	0.0	0.0	-0.347	99			6987.1864471
117.27473	0.0	0.0	-0.302	99			6987.2061414
117.18681	0.0	0.0	0.303	99			6987.2260595
117.27473	0.0	0.0	0.111	99			6987.2475378
117.27473	0.0	0.0	-0.389	99			6987.2661681
117.27473	0.0	0.0	0.342	99			6987.2859686
117.27473	0.0	0.0	0.222	99			6987.3109534
117.27473	0.0	0.0	0.25	99			6987.3270677
117.27473	0.0	0.0	-0.466	99			6987.3487971
117.27473	0.0	0.0	-0.268	99			6987.3660942
117.27473	0.0	0.0	-0.388	99			6987.3859473
117.27473	0.0	0.0	0.22	99			6987.4061986
117.27473	0.0	0.0	0.033	99			6987.4279304
117.18681	0.0	0.0	-0.43	99			6987.4491438
117.18681	0.0	0.0	-0.419	99			6987.4683516
117.27473	0.0	0.0	-0.373	99			6987.4860647
117.27473	0.0	0.0	-0.106	99			6987.5068881
117.27473	0.0	0.0	0.458	99			6987.5260319
117.27473	0.0	0.0	-0.15	99			6987.549858
117.18681	0.0	0.0	0.166	99			6987.5659695
117.27473	0.0	0.0	-0.155	99			6987.5862262
117.27473	0.0	0.0	-0.104	99			6987.6135139
117.27473	0.0	0.0	0.042	99			6987.6308453
117.27473	0.0	0.0	0.499	99			6987.64748
117.27473	0.0	0.0	0.236	99			6987.6660314
117.27473	0.0	0.0	0.27	99			6987.6859771
117.27473	0.0	0.0	0.333	99			6987.7130527
117.27473	0.0	0.0	0.196	99			6987.7296877
117.27473	0.0	0.0	-0.336	20	DOWN	DOWN	6987.7482104
117.27473	0.0	0.0	-0.19	99	DOWN	DOWN	6987.7676675
117.27473	0.0	0.0	0.496	99	DOWN	DOWN	6987.7921751
117.27473	0.0	0.0	-0.278	99	DOWN	DOWN	6987.8089936
117.27473	0.0	0.0	-0.421	99	DOWN	DOWN	6987.8341777
117.27473	0.0	0.0	-0.135	99	DOWN	DOWN	6987.8505219
117.27473	0.0	0.0	0.162	99	DOWN	DOWN	6987.87625
117.27473	0.0	0.0	-0.465	99	DOWN	DOWN	6987.8931357
117.27473	0.0	0.0	-0.272	99	DOWN	DOWN	6987.9096937
117.27473	0.0	0.0	0.459	99	DOWN	DOWN	6987.9539227
117.27473	0.0	0.0	-0.188	99	DOWN	DOWN	6987.9903588
117.27473	0.0	0.0	-0.35	99	DOWN	DOWN	6988.0521238
117.18681	0.0	0.0	-0.051	99	DOWN	DOWN	6988.0692921
117.27473	0.0	0.0	0.063	99	DOWN	DOWN	6988.0890013
117.27473	0.0	0.0	-0.421	99	DOWN	DOWN	6988.124602
117.27473	0.0	0.0	-0.034	99	DOWN	DOWN	6988.150093
117.27473	0.0	0.0	-0.143	99	DOWN	DOWN	6988.1675764
117.27473	0.0	0.0	-0.262	99	DOWN	DOWN	6988.1905834
117.27473	0.0	0.0	-0.068	99	DOWN	DOWN	6988.2077891
117.18681	0.0	0.0	0.43	99	DOWN	DOWN	6988.2437527
117.27473	0.0	0.0	0.019	99	DOWN	DOWN	6988.3708261
117.27473	0.0	0.0	0.161	99	DOWN	DOWN	6988.482243
117.27473	0.0	0.0	0.394	99	DOWN	DOWN	6988.4992628
117.18681	0.0	0.0	0.312	99	DOWN	DOWN	6988.5162975
117.27473	0.0	0.0	-0.467	99	DOWN	DOWN	6988.5331735
117.27473	0.0	0.0	0.208	99	DOWN	DOWN	6988.5501261
117.27473	0.0	0.0	-0.467	99	DOWN	DOWN	6988.5683637
117.27473	0.0	0.0	-0.007	99	DOWN	DOWN	6988.5880917
117.27473	0.0	0.0	0.154	99	DOWN	DOWN	6988.6073389
117.27473	0.0	0.0	0.396	99	DOWN	DOWN	6988.6273592
117.53846	0.0	0.02398	0.245	99	DOWN	DOWN	6988.651941
117.71429	0.0	0.07194	-0.094	99	DOWN	DOWN	6988.6677389
117.8022	0.0	0.1199	0.382	99	DOWN	DOWN	6988.6874176
117.97802	0.0	0.1199	0.454	99	DOWN	DOWN	6988.707429
118.15385	0.0	0.1199	0.231	99	DOWN	DOWN	6988.7274022
118.41758	0.0	0.14388	-0.019	99	DOWN	DOWN	6988.7484725
118.68132	0.0	0.16787	0.323	21	m_DOWN	m_DOWN	6988.7675583
119.03297	0.0	0.21583	-0.179	21	m_DOWN	m_DOWN	6988.7895529
119.2967	0.0	0.23981	0.194	21	m_DOWN	m_DOWN	6988.8083445
119.73627	0.0	0.26379	-0.259	21	m_DOWN	m_DOWN	6988.8281414
120.08791	0.0	0.28777	-0.053	21	m_DOWN	m_DOWN	6988.850018
120.52747	0.0	0.31175	0.315	21	m_DOWN	m_DOWN	6988.8686428
120.96703	0.0	0.33573	-0.391	21	m_DOWN	m_DOWN	6988.887804
121.40659	0.0	0.35971	0.092	21	m_DOWN	m_DOWN	6988.9077366
121.84615	0.0	0.35971	-0.077	21	m_DOWN	m_DOWN	6988.9312097
122.37363	0.0	0.38369	-0.104	21	m_DOWN	m_DOWN	6988.9512248
122.81319	0.0	0.40767	0.057	21	m_DOWN	m_DOWN	6988.9700402
123.34066	0.0	0.40767	-0.21	21	m_DOWN	m_DOWN	6988.9885686
123.86813	0.0	0.43165	-0.113	21	m_DOWN	m_DOWN	6989.0129918
124.39561	0.0	0.43165	-0.191	21	m_DOWN	m_DOWN	6989.0298046
124.92308	0.0	0.43165	-0.23	21	m_DOWN	m_DOWN	6989.050635
125.45055	0.0	0.43165	-0.282	21	m_DOWN	m_DOWN	6989.0722281
125.97802	0.0	0.45564	-0.116	21	m_DOWN	m_DOWN	6989.0915278
126.50549	0.0	0.45564	-0.36	21	m_DOWN	m_DOWN	6989.1108854
126.94505	0.0	0.45564	-0.029	21	m_DOWN	m_DOWN	6989.1295992
127.47253	0.0	0.45564	0.26	21	m_DOWN	m_DOWN	6989.1481201
128.0	0.0	0.43165	-0.305	21	m_DOWN	m_DOWN	6989.1702785
128.52747	0.0	0.43165	-0.144	21	m_DOWN	m_DOWN	6989.1881341
128.96703	0.0	0.43165	-0.167	21	m_DOWN	m_DOWN	6989.2113078
129.49451	0.0	0.43165	-0.283	21	m_DOWN	m_DOWN	6989.229639
129.93407	0.0	0.40767	0.468	21	m_DOWN	m_DOWN	6989.252528
130.37363	0.0	0.40767	-0.037	21	m_DOWN	m_DOWN	6989.2707426
130.81319	0.0	0.40767	0.388	21	m_DOWN	m_DOWN	6989.2894468
131.34065	0.0	0.38369	-0.118	21	m_DOWN	m_DOWN	6989.3111471
131.78021	0.0	0.38369	0.41	21	m_DOWN	m_DOWN	6989.3284978
132.65935	0.0	0.38369	-0.356	21	m_DOWN	m_DOWN	6989.3652472
133.09891	0.0	0.38369	-0.26	21	m_DOWN	m_DOWN	6989.3927494
133.53847	0.0	0.38369	0.25	21	m_DOWN	m_DOWN	6989.4082368
133.97803	0.0	0.38369	-0.482	21	m_DOWN	m_DOWN	6989.4306129
134.41759	0.0	0.38369	-0.426	21	m_DOWN	m_DOWN	6989.4486761
134.85715	0.0	0.35971	0.117	21	m_DOWN	m_DOWN	6989.4733643
135.29671	0.0	0.35971	-0.341	21	m_DOWN	m_DOWN	6989.4907524
135.73627	0.0	0.35971	-0.328	21	m_DOWN	m_DOWN	6989.509071
136.08791	0.0	0.35971	-0.326	21	m_DOWN	m_DOWN	6989.5304516
136.61539	0.0	0.35971	-0.053	21	m_DOWN	m_DOWN	6989.5518471
136.96703	0.0	0.35971	0.496	21	m_DOWN	m_DOWN	6989.5830985
137.4066	0.0	0.35971	-0.353	21	m_DOWN	m_DOWN	6989.6003282
137.84616	0.0	0.35971	-0.46	21	m_DOWN	m_DOWN	6989.6176834
138.28572	0.0	0.35971	0.052	21	m_DOWN	m_DOWN	6989.6334392
138.63736	0.0	0.35971	-0.227	21	m_DOWN	m_DOWN	6989.65524
139.07692	0.0	0.35971	-0.359	21	m_DOWN	m_DOWN	6989.6732269
139.51648	0.0	0.35971	-0.405	21	m_DOWN	m_DOWN	6989.6966937
139.95604	0.0	0.35971	0.333	21	m_DOWN	m_DOWN	6989.714284
140.48352	0.0	0.35971	0.132	21	m_DOWN	m_DOWN	6989.7315983
140.92308	0.0	0.38369	0.335	21	m_DOWN	m_DOWN	6989.7515516
141.36264	0.0	0.38369	-0.236	21	m_DOWN	m_DOWN	6989.7740833
141.71428	0.0	0.35971	-0.239	21	m_DOWN	m_DOWN	6989.7904131
142.15384	0.0	0.35971	-0.384	21	m_DOWN	m_DOWN	6989.8105173
142.5934	0.0	0.35971	-0.14	21	m_DOWN	m_DOWN	6989.8288935
142.94505	0.0	0.33573	-0.496	21	m_DOWN	m_DOWN	6989.8594479
143.29671	0.0	0.33573	-0.258	21	m_DOWN	m_DOWN	6989.8767147
143.56044	0.0	0.31175	-0.073	21	m_DOWN	m_DOWN	6989.8936455
143.91209	0.0	0.28777	0.071	21	m_DOWN	m_DOWN	6989.9093022
144.26373	0.0	0.28777	0.292	21	m_DOWN	m_DOWN	6989.9326655
144.52747	0.0	0.26379	0.372	21	m_DOWN	m_DOWN	6989.9487646
144.79121	0.0	0.23981	0.106	21	m_DOWN	m_DOWN	6989.9700569
144.96703	0.0	0.21583	0.006	21	m_DOWN	m_DOWN	6989.994754
145.14285	0.0	0.16787	-0.022	21	m_DOWN	m_DOWN	6990.0112689
145.23077	0.0	0.14388	0.214	21	m_DOWN	m_DOWN	6990.0284394
145.31868	0.0	0.09592	-0.31	21	m_DOWN	m_DOWN	6990.0514107
145.4066	0.0	0.09592	0.367	21	m_DOWN	m_DOWN	6990.0776942
145.4066	0.0	0.07194	0.378	21	m_DOWN	m_DOWN	6990.0955315
145.49451	0.0	0.04796	-0.065	21	m_DOWN	m_DOWN	6990.115218
145.49451	0.0	0.02398	-0.135	21	m_DOWN	m_DOWN	6990.1321296
145.4066	0.0	0.0	0.002	21	m_DOWN	m_DOWN	6990.1499947
145.49451	0.0	0.0	-0.266	21	m_DOWN	m_DOWN	6990.1763062
145.49451	0.0	0.0	0.47	21	m_DOWN	m_DOWN	6990.1948804
145.49451	0.0	0.0	-0.248	21	m_DOWN	m_DOWN	6990.2115343
145.49451	0.0	0.0	0.445	21	m_DOWN	m_DOWN	6990.228401
145.4066	0.0	0.0	0.006	21	m_DOWN	m_DOWN	6990.2516042
145.4066	0.0	0.0	0.424	21	m_DOWN	m_DOWN	6990.2800091
145.49451	0.0	0.0	-0.497	21	m_DOWN	m_DOWN	6990.2959009
145.4066	0.0	0.0	0.157	21	m_DOWN	m_DOWN	6990.3142076
145.49451	0.0	0.0	0.22	21	m_DOWN	m_DOWN	6990.3329622
145.49451	0.0	0.0	-0.369	21	m_DOWN	m_DOWN	6990.3584192
145.49451	0.0	0.0	0.033	21	m_DOWN	m_DOWN	6990.3773497
145.4066	0.0	0.0	-0.147	21	m_DOWN	m_DOWN	6990.3948787
145.49451	0.0	0.0	-0.13	21	m_DOWN	m_DOWN	6990.4105976
145.49451	0.0	0.0	-0.082	21	m_DOWN	m_DOWN	6990.4290174
145.49451	0.0	0.0	0.415	21	m_DOWN	m_DOWN	6990.4587462
145.49451	0.0	0.0	-0.314	21	m_DOWN	m_DOWN	6990.4747438
145.49451	0.0	0.0	0.445	21	m_DOWN	m_DOWN	6990.4969128
145.49451	0.0	0.0	0.047	21	m_DOWN	m_DOWN	6990.5133441
145.4066	0.0	0.0	-0.179	21	m_DOWN	m_DOWN	6990.5328126
145.49451	0.0	0.0	0.24	21	m_DOWN	m_DOWN	6990.5708598
145.4066	0.0	0.0	-0.259	21	m_DOWN	m_DOWN	6990.5918171
145.4066	0.0	0.0	-0.197	21	m_DOWN	m_DOWN	6990.6091125
145.4066	0.0	0.0	0.086	21	m_DOWN	m_DOWN	6990.6291601
145.4066	0.0	0.0	0.5	21	m_DOWN	m_DOWN	6990.6501041
145.4066	0.0	0.0	0.261	21	m_DOWN	m_DOWN	6990.6704636
145.49451	0.0	0.0	0.44	21	m_DOWN	m_DOWN	6990.6897918
145.4066	0.0	0.0	-0.281	50	TIMEOUT	TIMEOUT	6990.7087509
145.4066	0.0	0.0	0.023	50	TIMEOUT	TIMEOUT	6990.7267688
145.4066	0.0	0.0	-0.044	50	TIMEOUT	TIMEOUT	6990.8084124
145.49451	0.0	0.0	0.215	50	TIMEOUT	TIMEOUT	6990.826502
145.49451	0.0	0.0	-0.302	50	TIMEOUT	TIMEOUT	6990.8460187
145.4066	0.0	0.0	-0.489	50	TIMEOUT	TIMEOUT	6990.8675355
145.4066	0.0	0.0	-0.031	50	TIMEOUT	TIMEOUT	6990.8861398
145.49451	0.0	0.0	0.202	50	TIMEOUT	TIMEOUT	6990.905998
145.49451	0.0	0.0	-0.315	50	TIMEOUT	TIMEOUT	6990.9259112
145.49451	0.0	0.0	0.448	50	TIMEOUT	TIMEOUT	6990.9468556
145.49451	0.0	0.0	-0.094	50	TIMEOUT	TIMEOUT	6990.9691859
145.4066	0.0	0.0	-0.387	50	TIMEOUT	TIMEOUT	6990.9890886
145.4066	0.0	0.0	0.346	50	TIMEOUT	TIMEOUT	6991.0113911
145.4066	0.0	0.0	0.379	50	TIMEOUT	TIMEOUT	6991.0284302
145.49451	0.0	0.0	0.249	50	TIMEOUT	TIMEOUT	6991.0553492
145.4066	0.0	0.0	0.04	50	TIMEOUT	TIMEOUT	6991.0718591
145.49451	0.0	0.0	0.176	50	TIMEOUT	TIMEOUT	6991.092043
145.4066	0.0	0.0	0.064	50	TIMEOUT	TIMEOUT	6991.1077635
